{"FEVER": {"mteb_version": "1.1.1", "dataset_revision": null, "mteb_dataset_name": "FEVER", "test": {"ndcg_at_1": 0.43489, "ndcg_at_3": 0.56043, "ndcg_at_5": 0.5941, "ndcg_at_10": 0.62027, "ndcg_at_100": 0.64635, "ndcg_at_1000": 0.6514, "map_at_1": 0.40536, "map_at_3": 0.51687, "map_at_5": 0.53639, "map_at_10": 0.54779, "map_at_100": 0.55345, "map_at_1000": 0.55368, "recall_at_1": 0.40536, "recall_at_3": 0.6516, "recall_at_5": 0.73258, "recall_at_10": 0.81116, "recall_at_100": 0.92714, "recall_at_1000": 0.96238, "precision_at_1": 0.43489, "precision_at_3": 0.23542, "precision_at_5": 0.15944, "precision_at_10": 0.0886, "precision_at_100": 0.01032, "precision_at_1000": 0.0011, "mrr_at_1": 0.43489, "mrr_at_3": 0.55076, "mrr_at_5": 0.57017, "mrr_at_10": 0.58097, "mrr_at_100": 0.58594, "mrr_at_1000": 0.58604, "evaluation_time": 5981.45}}, "NQ": {"mteb_version": "1.1.1", "dataset_revision": null, "mteb_dataset_name": "NQ", "test": {"ndcg_at_1": 0.21205, "ndcg_at_3": 0.31366, "ndcg_at_5": 0.36255, "ndcg_at_10": 0.41128, "ndcg_at_100": 0.47032, "ndcg_at_1000": 0.48072, "map_at_1": 0.18791, "map_at_3": 0.27879, "map_at_5": 0.30713, "map_at_10": 0.32871, "map_at_100": 0.34222, "map_at_1000": 0.34269, "recall_at_1": 0.18791, "recall_at_3": 0.38871, "recall_at_5": 0.50282, "recall_at_10": 0.64513, "recall_at_100": 0.90267, "recall_at_1000": 0.97893, "precision_at_1": 0.21205, "precision_at_3": 0.14909, "precision_at_5": 0.11657, "precision_at_10": 0.07596, "precision_at_100": 0.01092, "precision_at_1000": 0.00119, "mrr_at_1": 0.21205, "mrr_at_3": 0.30451, "mrr_at_5": 0.33097, "mrr_at_10": 0.3501, "mrr_at_100": 0.36094, "mrr_at_1000": 0.36127, "evaluation_time": 2677.03}}, "SciFact": {"mteb_version": "1.1.1", "dataset_revision": null, "mteb_dataset_name": "SciFact", "test": {"ndcg_at_1": 0.52, "ndcg_at_3": 0.59385, "ndcg_at_5": 0.62184, "ndcg_at_10": 0.64583, "ndcg_at_100": 0.67485, "ndcg_at_1000": 0.68502, "map_at_1": 0.50067, "map_at_3": 0.56926, "map_at_5": 0.5868, "map_at_10": 0.5986, "map_at_100": 0.60474, "map_at_1000": 0.60516, "recall_at_1": 0.50067, "recall_at_3": 0.64144, "recall_at_5": 0.70839, "recall_at_10": 0.77644, "recall_at_100": 0.911, "recall_at_1000": 0.99, "precision_at_1": 0.52, "precision_at_3": 0.22889, "precision_at_5": 0.15467, "precision_at_10": 0.087, "precision_at_100": 0.01037, "precision_at_1000": 0.00112, "mrr_at_1": 0.52, "mrr_at_3": 0.58778, "mrr_at_5": 0.60244, "mrr_at_10": 0.61099, "mrr_at_100": 0.61559, "mrr_at_1000": 0.61596, "evaluation_time": 16.2}}}