{"FEVER": {"mteb_version": "1.1.1", "dataset_revision": null, "mteb_dataset_name": "FEVER", "test": {"ndcg_at_1": 0.30633, "ndcg_at_3": 0.39879, "ndcg_at_5": 0.43115, "ndcg_at_10": 0.46052, "ndcg_at_100": 0.50292, "ndcg_at_1000": 0.51587, "map_at_1": 0.28567, "map_at_3": 0.36653, "map_at_5": 0.38477, "map_at_10": 0.39711, "map_at_100": 0.40573, "map_at_1000": 0.40625, "recall_at_1": 0.28567, "recall_at_3": 0.46723, "recall_at_5": 0.5449, "recall_at_10": 0.63337, "recall_at_100": 0.82886, "recall_at_1000": 0.92591, "precision_at_1": 0.30633, "precision_at_3": 0.16897, "precision_at_5": 0.11887, "precision_at_10": 0.06953, "precision_at_100": 0.00922, "precision_at_1000": 0.00105, "mrr_at_1": 0.30633, "mrr_at_3": 0.39091, "mrr_at_5": 0.4098, "mrr_at_10": 0.42221, "mrr_at_100": 0.43045, "mrr_at_1000": 0.43086, "evaluation_time": 2836.47}}, "NQ": {"mteb_version": "1.1.1", "dataset_revision": null, "mteb_dataset_name": "NQ", "test": {"ndcg_at_1": 0.17063, "ndcg_at_3": 0.26654, "ndcg_at_5": 0.30902, "ndcg_at_10": 0.35613, "ndcg_at_100": 0.42556, "ndcg_at_1000": 0.43816, "map_at_1": 0.15078, "map_at_3": 0.23461, "map_at_5": 0.25874, "map_at_10": 0.27933, "map_at_100": 0.29467, "map_at_1000": 0.29523, "recall_at_1": 0.15078, "recall_at_3": 0.33654, "recall_at_5": 0.4355, "recall_at_10": 0.57464, "recall_at_100": 0.88239, "recall_at_1000": 0.97453, "precision_at_1": 0.17063, "precision_at_3": 0.1293, "precision_at_5": 0.1018, "precision_at_10": 0.06764, "precision_at_100": 0.01066, "precision_at_1000": 0.00118, "mrr_at_1": 0.17092, "mrr_at_3": 0.25671, "mrr_at_5": 0.28061, "mrr_at_10": 0.29907, "mrr_at_100": 0.31197, "mrr_at_1000": 0.31237, "evaluation_time": 1321.41}}, "SciFact": {"mteb_version": "1.1.1", "dataset_revision": null, "mteb_dataset_name": "SciFact", "test": {"ndcg_at_1": 0.47, "ndcg_at_3": 0.5594, "ndcg_at_5": 0.58312, "ndcg_at_10": 0.60405, "ndcg_at_100": 0.64057, "ndcg_at_1000": 0.65232, "map_at_1": 0.45622, "map_at_3": 0.53295, "map_at_5": 0.54883, "map_at_10": 0.55917, "map_at_100": 0.56677, "map_at_1000": 0.56725, "recall_at_1": 0.45622, "recall_at_3": 0.61606, "recall_at_5": 0.67328, "recall_at_10": 0.73422, "recall_at_100": 0.90267, "recall_at_1000": 0.99333, "precision_at_1": 0.47, "precision_at_3": 0.22222, "precision_at_5": 0.14867, "precision_at_10": 0.082, "precision_at_100": 0.01023, "precision_at_1000": 0.00112, "mrr_at_1": 0.47, "mrr_at_3": 0.54444, "mrr_at_5": 0.55661, "mrr_at_10": 0.56387, "mrr_at_100": 0.57087, "mrr_at_1000": 0.57126, "evaluation_time": 4.97}}}